DoB,DoT,SEX,BMI,BP,TC,BGU,FDR,Target,Age,Risk,Risk%,FHRisk,CombRisk
1981-03-11,2024-03-08,-1,0.1346153846153846,0.3636363636363636,0.1855555555555555,0.2833333333333333,0.5,0.2153846153846154,43,5.788461538461538,0.1,0.62,0.21
2002-05-15,2024-05-06,-1,0.1384615384615385,0.4935064935064935,0.1111111111111111,0.3333333333333333,0.5,0.2492307692307692,22,3.046153846153847,0.05,0.62,0.17
2001-06-21,2024-07-20,-1,0.1461538461538462,0.2467532467532467,0.1111111111111111,0.3833333333333333,0.5,0.2,23,3.3615384615384625,0.06,0.62,0.18
1998-06-10,2024-07-20,-1,0.1461538461538462,0.3116883116883117,0.2222222222222222,0.1,0.5,0.0953846153846153,26,3.8000000000000007,0.07,0.62,0.18
2005-06-13,2024-10-20,-1,0.1615384615384615,0.3636363636363636,0.1111111111111111,0.45,0.0,0.36,19,3.0692307692307685,0.05,0.15,0.15
2002-04-22,2024-05-04,-1,0.1653846153846154,0.2987012987012987,0.2222222222222222,0.1333333333333333,0.0,0.3507692307692308,22,3.638461538461539,0.06,0.15,0.15
1991-01-09,2024-01-18,-1,0.173076923076923,0.2727272727272727,0.1111111111111111,0.2833333333333333,0.25,0.0861538461538461,33,5.711538461538459,0.1,0.38,0.18
1988-06-08,2024-12-05,-1,0.176923076923077,0.1558441558441558,0.2222222222222222,0.4833333333333333,0.25,0.1138461538461538,36,6.3692307692307715,0.11,0.38,0.18
1988-06-08,2024-12-05,-1,0.176923076923077,0.1558441558441558,0.2222222222222222,0.4833333333333333,0.5,0.1138461538461538,36,6.3692307692307715,0.11,0.62,0.22
1997-04-07,2024-05-05,-1,0.176923076923077,0.2467532467532467,0.2222222222222222,0.1333333333333333,0.5,0.3753846153846153,27,4.776923076923079,0.08,0.62,0.2
1975-06-24,2024-08-22,-1,0.1846153846153846,0.3766233766233766,0.2222222222222222,0.5,0.25,0.0892307692307692,49,9.046153846153846,0.15,0.38,0.21
2002-05-13,2024-06-09,-1,0.1884615384615384,0.2077922077922078,0.2222222222222222,0.15,0.25,0.4246153846153846,22,4.146153846153845,0.07,0.38,0.17
1982-07-23,2024-09-22,-1,0.1884615384615384,0.2207792207792207,0.2222222222222222,0.2666666666666666,0.25,0.1323076923076923,42,7.915384615384613,0.14,0.38,0.2
1976-05-08,2024-08-26,-1,0.1884615384615384,0.4155844155844156,0.2222222222222222,0.6333333333333333,0.5,0.0861538461538461,48,9.046153846153842,0.15,0.62,0.24
1960-08-08,2024-11-09,-1,0.1923076923076923,0.2035064935064935,0.2277777777777777,0.4666666666666667,0.25,0.16,64,12.307692307692307,0.21,0.38,0.23
2003-04-16,2024-06-15,-1,0.1961538461538462,0.0519480519480519,0.2222222222222222,0.4333333333333333,0.25,0.1076923076923077,21,4.119230769230771,0.07,0.38,0.17
1983-04-18,2024-08-17,-1,0.1999999999999999,0.0389610389610389,0.2222222222222222,0.4333333333333333,0.5,0.1753846153846154,41,8.199999999999996,0.14,0.62,0.24
1987-04-21,2024-06-28,-1,0.1999999999999999,0.2857142857142857,0.2222222222222222,0.4166666666666667,0.5,0.12,37,7.399999999999996,0.13,0.62,0.23
1976-04-11,2024-05-20,-1,0.1999999999999999,0.4675324675324675,0.3333333333333333,0.3666666666666666,0.5,0.1815384615384615,48,9.599999999999994,0.16,0.62,0.25
1982-11-23,2024-12-16,-1,0.2038461538461538,0.1558441558441558,0.1111111111111111,0.3,0.25,0.12,42,8.56153846153846,0.15,0.38,0.21
1979-05-12,2024-05-02,-1,0.2038461538461538,0.199090909090909,0.32,0.2666666666666666,0.25,0.2338461538461538,45,9.17307692307692,0.16,0.38,0.21
1987-02-03,2024-02-17,-1,0.2038461538461538,0.3116883116883117,0.4444444444444444,0.4166666666666667,0.25,0.5969230769230769,37,7.54230769230769,0.13,0.38,0.2
1975-05-22,2024-06-24,-1,0.2038461538461538,0.4415584415584415,0.2222222222222222,0.5,0.25,0.4092307692307692,49,9.988461538461536,0.17,0.38,0.21
1989-06-09,2024-06-19,-1,0.2076923076923076,0.0779220779220779,0.1988888888888889,0.25,0.25,0.2338461538461538,35,7.269230769230766,0.12,0.38,0.2
1976-06-11,2024-06-22,-1,0.2076923076923076,0.5064935064935064,0.4444444444444444,0.25,0.0,0.1938461538461538,48,9.969230769230764,0.17,0.15,0.17
1964-02-12,2024-02-09,-1,0.2076923076923076,0.5974025974025974,0.1111111111111111,0.2666666666666666,0.0,0.4615384615384615,60,12.461538461538456,0.21,0.15,0.17
1971-03-21,2024-04-16,-1,0.2115384615384615,0.2467532467532467,0.2222222222222222,0.2,0.5,0.1384615384615384,53,11.21153846153846,0.19,0.62,0.28
1983-02-10,2024-02-01,-1,0.2115384615384615,0.2727272727272727,0.1111111111111111,0.2,0.25,0.0523076923076923,41,8.673076923076922,0.15,0.38,0.21
1978-04-22,2024-05-19,-1,0.2153846153846154,0.1818181818181818,0.2222222222222222,0.2833333333333333,0.0,0.1015384615384615,46,9.907692307692308,0.17,0.15,0.17
1990-10-19,2024-12-01,-1,0.2153846153846154,0.3636363636363636,0.2222222222222222,0.1833333333333333,0.25,0.2923076923076923,34,7.323076923076924,0.13,0.38,0.2
1957-04-11,2024-08-06,-1,0.2192307692307692,0.3116883116883117,0.2222222222222222,0.2333333333333333,0.0,0.2123076923076923,67,14.688461538461537,0.25,0.15,0.18
2000-03-04,2024-04-26,-1,0.2192307692307692,0.3636363636363636,0.1111111111111111,0.25,0.0,0.243076923076923,24,5.261538461538461,0.09,0.15,0.15
1983-09-01,2024-10-19,-1,0.2230769230769231,0.3506493506493506,0.2222222222222222,0.4333333333333333,0.5,0.16,41,9.146153846153847,0.16,0.62,0.25
1985-04-04,2024-05-12,-1,0.2269230769230768,0.4675324675324675,0.1111111111111111,0.5333333333333333,0.5,0.1353846153846153,39,8.849999999999996,0.15,0.62,0.24
1994-01-08,2024-01-15,-1,0.2269230769230768,0.5844155844155844,0.2222222222222222,0.5666666666666667,0.5,0.203076923076923,30,6.807692307692304,0.12,0.62,0.22
1995-05-04,2024-07-26,-1,0.2307692307692307,0.1558441558441558,0.3333333333333333,0.45,0.0,0.4369230769230769,29,6.69230769230769,0.11,0.15,0.16
1970-02-17,2024-02-25,-1,0.2307692307692307,0.2467532467532467,0.2222222222222222,0.1666666666666666,0.5,0.1323076923076923,54,12.461538461538458,0.21,0.62,0.29
1974-08-10,2024-12-28,-1,0.2307692307692307,0.3766233766233766,0.3333333333333333,0.1333333333333333,0.25,0.7138461538461538,50,11.538461538461535,0.2,0.38,0.23
1960-07-21,2024-07-15,-1,0.2307692307692307,0.4328571428571428,0.2766666666666666,0.65,0.0,0.4246153846153846,64,14.769230769230765,0.25,0.15,0.18
1978-06-13,2024-08-25,-1,0.2346153846153846,0.2727272727272727,0.4444444444444444,0.4,0.0,0.5015384615384615,46,10.792307692307691,0.18,0.15,0.17
1989-03-18,2024-03-08,-1,0.2346153846153846,0.2987012987012987,0.2222222222222222,0.5333333333333333,0.0,0.1476923076923077,35,8.21153846153846,0.14,0.15,0.16
1990-09-27,2024-12-23,-1,0.2384615384615384,0.3246753246753247,0.4444444444444444,0.4833333333333333,0.0,0.2738461538461538,34,8.107692307692306,0.14,0.15,0.16
1986-05-19,2024-08-25,-1,0.2423076923076923,0.1688311688311688,0.1111111111111111,0.45,0.0,0.123076923076923,38,9.207692307692307,0.16,0.15,0.16
1981-07-06,2024-11-23,-1,0.2423076923076923,0.2597402597402597,0.2222222222222222,0.45,0.25,0.0676923076923076,43,10.419230769230769,0.18,0.38,0.22
1994-05-26,2024-06-17,-1,0.2423076923076923,0.3636363636363636,0.1111111111111111,0.05,0.5,0.3784615384615384,30,7.269230769230769,0.12,0.62,0.22
1980-03-08,2024-04-22,-1,0.25,0.3376623376623376,0.2222222222222222,0.35,0.5,0.4953846153846153,44,11.0,0.19,0.62,0.28
1976-03-04,2024-04-10,-1,0.2538461538461539,0.3636363636363636,0.2222222222222222,0.1,0.0,0.1692307692307692,48,12.184615384615388,0.21,0.15,0.17
1967-08-09,2024-12-15,-1,0.2576923076923076,0.4545454545454545,0.1111111111111111,0.4833333333333333,0.0,0.2061538461538461,57,14.688461538461533,0.25,0.15,0.18
1987-05-09,2024-05-26,-1,0.2615384615384615,0.3246753246753247,0.2222222222222222,0.5,0.25,0.3323076923076923,37,9.676923076923075,0.17,0.38,0.21
1988-05-16,2024-09-28,-1,0.2653846153846153,0.3896103896103896,0.2222222222222222,0.55,0.0,0.28,36,9.55384615384615,0.16,0.15,0.16
1974-01-10,2024-01-05,-1,0.2653846153846153,0.4155844155844156,0.2222222222222222,0.2333333333333333,0.25,0.2338461538461538,50,13.269230769230763,0.23,0.38,0.24
1971-06-05,2024-10-03,-1,0.2692307692307692,0.4545454545454545,0.2222222222222222,0.5833333333333334,0.5,0.5538461538461539,53,14.269230769230768,0.24,0.62,0.31
1981-06-09,2024-09-28,-1,0.2730769230769231,0.0909090909090909,0.2222222222222222,0.2833333333333333,0.0,0.1661538461538461,43,11.742307692307694,0.2,0.15,0.17
1996-07-26,2024-07-14,-1,0.2730769230769231,0.2987012987012987,0.2222222222222222,0.3833333333333333,0.25,0.1507692307692307,28,7.646153846153847,0.13,0.38,0.2
1982-10-07,2024-12-01,-1,0.2730769230769231,0.3376623376623376,0.3333333333333333,0.5166666666666667,0.5,0.16,42,11.469230769230771,0.2,0.62,0.28
1975-05-21,2024-07-27,-1,0.2730769230769231,0.3376623376623376,0.1322222222222222,0.15,0.5,0.2892307692307692,49,13.380769230769232,0.23,0.62,0.3
1971-09-28,2024-11-01,-1,0.2730769230769231,0.4415584415584415,0.2222222222222222,0.55,0.0,0.4861538461538461,53,14.473076923076924,0.25,0.15,0.18
1971-03-26,2024-03-15,-1,0.2769230769230769,0.2467532467532467,0.1111111111111111,0.6333333333333333,0.25,0.2246153846153846,53,14.676923076923075,0.25,0.38,0.25
1964-05-13,2024-07-19,-1,0.2769230769230769,0.5931168831168832,0.2977777777777778,0.5,0.0,0.2153846153846154,60,16.615384615384613,0.28,0.15,0.18
1962-05-28,2024-09-27,-1,0.2846153846153845,0.2597402597402597,0.3333333333333333,0.2166666666666666,0.0,0.1353846153846153,62,17.646153846153837,0.3,0.15,0.18
2000-04-23,2024-06-13,-1,0.2884615384615384,0.3896103896103896,0.2222222222222222,0.35,0.25,0.5076923076923077,24,6.923076923076922,0.12,0.38,0.2
1962-02-09,2024-02-15,-1,0.2884615384615384,0.8571428571428571,0.1111111111111111,0.5333333333333333,0.5,0.2553846153846154,62,17.88461538461538,0.31,0.62,0.36
1997-08-07,2024-10-26,-1,0.2923076923076924,0.1558441558441558,0.1111111111111111,0.2666666666666666,0.5,0.4061538461538461,27,7.8923076923076945,0.14,0.62,0.24
2001-05-14,2024-09-26,-1,0.2923076923076924,0.3896103896103896,0.1111111111111111,0.0833333333333333,0.5,0.2369230769230769,23,6.723076923076925,0.12,0.62,0.22
1970-04-26,2024-06-03,-1,0.2923076923076924,0.4025974025974026,0.2222222222222222,0.4833333333333333,0.25,0.16,54,15.784615384615389,0.27,0.38,0.25
1988-02-13,2024-02-06,-1,0.3,0.3636363636363636,0.3333333333333333,0.3166666666666666,0.25,0.2246153846153846,36,10.799999999999999,0.18,0.38,0.22
1957-03-13,2024-03-02,-1,0.3,0.3636363636363636,0.2222222222222222,0.4833333333333333,0.5,0.3292307692307692,67,20.099999999999998,0.34,0.62,0.38
1966-04-23,2024-06-27,-1,0.3,0.4155844155844156,0.3333333333333333,0.8666666666666667,0.0,0.5723076923076923,58,17.4,0.3,0.15,0.18
1976-01-14,2024-02-24,-1,0.3,0.5454545454545454,0.1111111111111111,0.5666666666666667,0.0,0.0615384615384615,48,14.399999999999999,0.25,0.15,0.18
1985-06-03,2024-10-02,-1,0.3038461538461537,0.2337662337662337,0.3333333333333333,0.1833333333333333,0.5,0.3323076923076923,39,11.849999999999994,0.2,0.62,0.28
2004-07-09,2024-09-23,-1,0.3038461538461537,0.3636363636363636,0.3333333333333333,0.3666666666666666,0.5,0.2861538461538461,20,6.076923076923074,0.1,0.62,0.21
2002-05-13,2024-07-20,-1,0.3076923076923077,0.1818181818181818,0.2222222222222222,0.4666666666666667,0.0,0.5538461538461539,22,6.76923076923077,0.12,0.15,0.16
1969-03-23,2024-04-09,-1,0.3076923076923077,0.4632467532467533,0.4444444444444444,0.7166666666666667,0.25,0.3876923076923076,55,16.923076923076923,0.29,0.38,0.26
1974-07-14,2024-11-14,-1,0.3076923076923077,0.5454545454545454,0.3333333333333333,0.2833333333333333,0.5,0.3538461538461538,50,15.384615384615385,0.26,0.62,0.32
1972-04-14,2024-08-13,-1,0.3076923076923077,0.6233766233766234,0.3566666666666667,0.5,0.0,0.0923076923076923,52,16.0,0.27,0.15,0.18
1980-03-13,2024-03-25,-1,0.3115384615384616,0.3636363636363636,0.2222222222222222,0.15,0.5,0.0984615384615384,44,13.70769230769231,0.23,0.62,0.3
2005-07-26,2024-11-11,-1,0.3153846153846154,0.2077922077922078,0.2222222222222222,0.15,0.5,0.3692307692307692,19,5.992307692307692,0.1,0.62,0.21
1970-04-02,2024-06-18,-1,0.3153846153846154,0.6710389610389611,0.44,0.75,0.5,0.5230769230769231,54,17.03076923076923,0.29,0.62,0.35
1993-04-22,2024-04-25,-1,0.3192307692307692,0.3376623376623376,0.3333333333333333,0.2333333333333333,0.25,0.5969230769230769,31,9.896153846153846,0.17,0.38,0.21
1967-05-21,2024-05-12,-1,0.3192307692307692,0.3766233766233766,0.1111111111111111,0.25,0.25,0.1384615384615384,57,18.196153846153845,0.31,0.38,0.28
1987-08-18,2024-09-20,-1,0.3192307692307692,0.3766233766233766,0.2666666666666666,0.3166666666666666,0.5,0.2276923076923077,37,11.811538461538461,0.2,0.62,0.28
1964-09-17,2024-10-14,-1,0.323076923076923,0.2294805194805195,0.3111111111111111,0.2333333333333333,0.0,0.1784615384615384,60,19.38461538461538,0.33,0.15,0.2
1973-09-26,2024-12-16,-1,0.323076923076923,0.3636363636363636,0.1111111111111111,0.3166666666666666,0.0,0.2061538461538461,51,16.47692307692307,0.28,0.15,0.18
1973-03-16,2024-04-27,-1,0.3269230769230769,0.5454545454545454,0.3333333333333333,0.5166666666666667,0.5,0.4123076923076923,51,16.673076923076923,0.29,0.62,0.35
1971-06-07,2024-06-23,-1,0.3346153846153846,0.4285714285714285,0.2222222222222222,0.3,0.5,0.4892307692307692,53,17.734615384615385,0.3,0.62,0.36
1976-06-18,2024-06-02,-1,0.3423076923076922,0.6493506493506493,0.5555555555555556,0.55,0.25,0.4061538461538461,48,16.430769230769226,0.28,0.38,0.26
1972-03-02,2024-06-10,-1,0.3461538461538461,0.3116883116883117,0.1111111111111111,0.5166666666666667,0.0,0.24,52,17.999999999999996,0.31,0.15,0.2
1963-01-08,2024-01-10,-1,0.3461538461538461,0.4155844155844156,0.2222222222222222,0.1666666666666666,0.25,0.3015384615384615,61,21.115384615384613,0.36,0.38,0.3
1973-04-20,2024-04-21,-1,0.35,0.3636363636363636,0.3333333333333333,0.5,0.0,0.1969230769230769,51,17.849999999999998,0.31,0.15,0.2
1971-04-27,2024-04-11,-1,0.35,0.5974025974025974,0.3333333333333333,0.5333333333333333,0.0,0.1415384615384615,53,18.549999999999997,0.32,0.15,0.2
1970-09-21,2024-11-23,-1,0.3538461538461538,0.1948051948051948,0.1111111111111111,0.7666666666666667,0.5,0.2215384615384615,54,19.107692307692307,0.33,0.62,0.37
2003-04-06,2024-07-13,-1,0.3538461538461538,0.2207792207792207,0.2222222222222222,0.2666666666666666,0.0,0.4,21,7.43076923076923,0.13,0.15,0.16
1979-04-19,2024-05-12,-1,0.3538461538461538,0.3116883116883117,0.3333333333333333,0.3166666666666666,0.5,0.1353846153846153,45,15.923076923076922,0.27,0.62,0.33
1996-04-17,2024-04-07,-1,0.3538461538461538,0.4415584415584415,0.2222222222222222,0.35,0.5,0.3815384615384615,28,9.907692307692306,0.17,0.62,0.26
1973-03-27,2024-06-11,-1,0.3576923076923077,0.3419480519480519,0.1277777777777777,0.3166666666666666,0.25,0.1969230769230769,51,18.242307692307694,0.31,0.38,0.28
1961-03-15,2024-03-18,-1,0.3615384615384615,0.1818181818181818,0.2222222222222222,0.25,0.25,0.3415384615384615,63,22.776923076923072,0.39,0.38,0.31
1973-04-03,2024-08-26,-1,0.3653846153846153,0.2597402597402597,0.2222222222222222,0.4666666666666667,0.0,0.2369230769230769,51,18.63461538461538,0.32,0.15,0.2
1972-03-01,2024-03-22,-1,0.3653846153846153,0.4025974025974026,0.6666666666666666,0.3833333333333333,0.25,0.6553846153846153,52,18.999999999999996,0.33,0.38,0.29
1967-02-18,2024-02-12,-1,0.3653846153846153,0.4415584415584415,0.2222222222222222,0.4666666666666667,0.0,0.3938461538461538,57,20.826923076923073,0.36,0.15,0.2
1963-09-26,2024-12-22,-1,0.3692307692307693,0.5454545454545454,0.2222222222222222,0.4166666666666667,0.5,0.5969230769230769,61,22.52307692307693,0.39,0.62,0.41
1983-03-02,2024-05-13,-1,0.373076923076923,0.3116883116883117,0.2222222222222222,0.25,0.75,0.4553846153846154,41,15.296153846153842,0.26,0.85,0.39
1997-05-21,2024-07-20,-1,0.3769230769230769,0.4155844155844156,0.2222222222222222,0.1,0.0,0.2153846153846154,27,10.176923076923076,0.17,0.15,0.17
1982-09-08,2024-11-04,-1,0.3807692307692307,0.4155844155844156,0.4444444444444444,0.4333333333333333,0.0,0.403076923076923,42,15.992307692307689,0.27,0.15,0.18
1978-05-05,2024-07-10,-1,0.3807692307692307,0.7272727272727273,0.3333333333333333,0.6666666666666666,0.5,0.2584615384615384,46,17.515384615384612,0.3,0.62,0.36
1980-05-16,2024-08-05,-1,0.3884615384615385,0.961038961038961,0.2222222222222222,0.35,0.5,0.6030769230769231,44,17.092307692307696,0.29,0.62,0.35
1990-06-19,2024-08-15,-1,0.3923076923076923,0.2337662337662337,0.3333333333333333,0.2666666666666666,0.25,0.4307692307692308,34,13.338461538461539,0.23,0.38,0.24
1973-02-11,2024-03-22,-1,0.3923076923076923,0.5714285714285714,0.4444444444444444,0.45,0.25,0.8369230769230769,51,20.007692307692306,0.34,0.38,0.29
2005-01-22,2024-01-01,-1,0.3961538461538462,0.3116883116883117,0.4444444444444444,0.35,0.25,0.5538461538461539,19,7.526923076923078,0.13,0.38,0.2
2000-03-19,2024-04-02,-1,0.3961538461538462,0.3246753246753247,0.4444444444444444,0.4333333333333333,0.5,0.5723076923076923,24,9.50769230769231,0.16,0.62,0.25
1991-06-26,2024-06-16,-1,0.3961538461538462,0.3376623376623376,0.2222222222222222,0.1166666666666666,0.5,0.5230769230769231,33,13.073076923076924,0.22,0.62,0.3
1986-08-13,2024-12-02,-1,0.3999999999999999,0.3246753246753247,0.3333333333333333,0.4,0.0,0.2369230769230769,38,15.199999999999996,0.26,0.15,0.18
1996-08-04,2024-09-19,-1,0.3999999999999999,0.4415584415584415,0.2222222222222222,0.4666666666666667,0.25,0.4553846153846154,28,11.199999999999998,0.19,0.38,0.22
1980-07-26,2024-10-18,-1,0.3999999999999999,0.4675324675324675,0.2222222222222222,0.3333333333333333,0.0,0.0153846153846153,44,17.599999999999994,0.3,0.15,0.18
1990-07-26,2024-09-21,-1,0.4038461538461538,0.4415584415584415,0.3333333333333333,0.4166666666666667,0.5,0.12,34,13.73076923076923,0.24,0.62,0.31
1975-01-21,2024-01-06,-1,0.4076923076923077,0.2207792207792207,0.2222222222222222,0.25,0.25,0.0338461538461538,49,19.976923076923075,0.34,0.38,0.29
1964-02-17,2024-03-25,-1,0.4076923076923077,0.2467532467532467,0.1111111111111111,0.4,0.0,0.0584615384615384,60,24.46153846153846,0.42,0.15,0.21
1964-05-02,2024-09-07,-1,0.4076923076923077,0.3636363636363636,0.2222222222222222,0.35,0.0,0.1876923076923076,60,24.46153846153846,0.42,0.15,0.21
1968-03-11,2024-04-15,-1,0.4115384615384615,0.2727272727272727,0.3333333333333333,0.5333333333333333,0.25,0.2307692307692307,56,23.046153846153846,0.39,0.38,0.31
1966-05-01,2024-10-25,-1,0.4115384615384615,0.5194805194805194,0.2222222222222222,0.5,0.25,0.4153846153846154,58,23.869230769230768,0.41,0.38,0.32
1964-07-01,2024-08-18,-1,0.4115384615384615,0.5714285714285714,0.1111111111111111,0.5666666666666667,0.0,0.4984615384615384,60,24.69230769230769,0.42,0.15,0.21
1963-01-10,2024-01-05,-1,0.4153846153846154,0.4025974025974026,0.4444444444444444,0.45,0.25,0.6123076923076923,61,25.33846153846154,0.43,0.38,0.32
1963-10-04,2024-11-23,-1,0.4153846153846154,0.5064935064935064,0.2222222222222222,0.3166666666666666,0.5,0.3507692307692308,61,25.33846153846154,0.43,0.62,0.45
1956-04-26,2024-04-28,-1,0.4192307692307692,0.4415584415584415,0.4444444444444444,0.5833333333333334,0.25,0.6461538461538462,68,28.507692307692306,0.49,0.38,0.36
1995-10-24,2024-11-26,-1,0.4230769230769231,0.3116883116883117,0.1111111111111111,0.3333333333333333,0.25,0.1261538461538461,29,12.269230769230768,0.21,0.38,0.23
1961-10-24,2024-11-10,-1,0.4230769230769231,0.3463636363636364,0.2633333333333333,0.5666666666666667,0.25,0.5476923076923077,63,26.653846153846153,0.46,0.38,0.33
1999-06-10,2024-09-07,-1,0.4230769230769231,0.4285714285714285,0.2222222222222222,0.4166666666666667,0.5,0.1476923076923077,25,10.576923076923077,0.18,0.62,0.26
1975-07-18,2024-11-25,-1,0.4230769230769231,0.4415584415584415,0.2222222222222222,0.4166666666666667,0.5,0.2092307692307692,49,20.73076923076923,0.36,0.62,0.39
1974-10-21,2024-12-06,-1,0.4269230769230769,0.6493506493506493,0.3333333333333333,0.4333333333333333,0.5,0.3723076923076923,50,21.346153846153847,0.37,0.62,0.4
1959-03-19,2024-05-04,-1,0.4346153846153846,0.1428571428571428,0.4444444444444444,0.5833333333333334,0.5,0.2923076923076923,65,28.25,0.48,0.62,0.48
1990-03-01,2024-04-23,-1,0.4346153846153846,0.3636363636363636,0.2222222222222222,0.55,0.0,0.2861538461538461,34,14.776923076923078,0.25,0.15,0.18
1992-09-14,2024-10-18,-1,0.4423076923076923,0.3506493506493506,0.3333333333333333,0.25,0.5,0.7323076923076923,32,14.153846153846153,0.24,0.62,0.31
1971-03-09,2024-03-08,-1,0.4423076923076923,0.4935064935064935,0.2222222222222222,0.6,0.0,0.0892307692307692,53,23.44230769230769,0.4,0.15,0.21
1957-09-13,2024-11-11,-1,0.4499999999999999,0.5974025974025974,0.2222222222222222,0.55,0.0,0.163076923076923,67,30.149999999999995,0.52,0.15,0.23
1970-04-19,2024-05-24,-1,0.4538461538461539,0.3636363636363636,0.2222222222222222,0.2833333333333333,0.25,0.12,54,24.50769230769231,0.42,0.38,0.32
1989-01-26,2024-01-08,-1,0.4538461538461539,0.5064935064935064,0.3333333333333333,0.3833333333333333,0.5,0.5538461538461539,35,15.884615384615387,0.27,0.62,0.33
1970-09-01,2024-10-19,-1,0.4538461538461539,0.6363636363636364,0.2222222222222222,0.7166666666666667,0.5,0.5261538461538462,54,24.50769230769231,0.42,0.62,0.44
1981-05-18,2024-08-20,-1,0.4538461538461539,0.8311688311688312,0.2222222222222222,0.5166666666666667,0.0,0.0861538461538461,43,19.51538461538462,0.33,0.15,0.2
1984-02-14,2024-02-11,-1,0.4576923076923076,0.4285714285714285,0.2222222222222222,0.3,0.5,0.123076923076923,40,18.307692307692307,0.31,0.62,0.36
1967-03-12,2024-04-02,-1,0.4576923076923076,0.5064935064935064,0.6666666666666666,0.55,0.25,0.7046153846153846,57,26.088461538461534,0.45,0.38,0.33
1972-01-24,2024-02-12,-1,0.4615384615384615,0.251038961038961,0.2277777777777777,0.1,0.0,0.4984615384615384,52,24.0,0.41,0.15,0.21
1951-06-03,2024-08-27,-1,0.4615384615384615,0.5584415584415584,0.2222222222222222,0.6,0.25,0.2738461538461538,73,33.69230769230769,0.58,0.38,0.39
1968-04-16,2024-04-26,-1,0.4615384615384615,0.5974025974025974,0.4444444444444444,0.5166666666666667,0.5,0.1446153846153846,56,25.846153846153843,0.44,0.62,0.45
1977-06-01,2024-12-16,-1,0.4692307692307692,0.2727272727272727,0.5555555555555556,0.4833333333333333,0.5,0.4738461538461538,48,22.52307692307692,0.39,0.62,0.41
1986-11-08,2024-12-18,-1,0.4730769230769231,0.2857142857142857,0.2222222222222222,0.3,0.25,0.5846153846153846,38,17.97692307692308,0.31,0.38,0.28
1978-07-16,2024-08-27,-1,0.4769230769230769,0.2467532467532467,0.2222222222222222,0.45,0.5,0.7876923076923077,46,21.93846153846154,0.38,0.62,0.41
1956-07-28,2024-07-05,-1,0.4807692307692308,0.6233766233766234,0.3333333333333333,0.45,0.0,0.3784615384615384,68,32.69230769230769,0.56,0.15,0.23
1973-06-22,2024-07-05,-1,0.4884615384615384,0.5194805194805194,0.2222222222222222,0.2333333333333333,0.5,0.5261538461538462,51,24.91153846153846,0.43,0.62,0.45
1972-07-08,2024-08-04,-1,0.4923076923076923,0.3376623376623376,0.3333333333333333,0.2,0.5,0.683076923076923,52,25.599999999999998,0.44,0.62,0.45
1973-08-27,2024-12-18,-1,0.4961538461538461,0.4805194805194805,0.4444444444444444,0.95,0.25,0.7630769230769231,51,25.303846153846152,0.43,0.38,0.32
1971-09-23,2024-10-07,-1,0.5,0.3766233766233766,0.3333333333333333,0.4666666666666667,0.5,0.3323076923076923,53,26.5,0.45,0.62,0.46
1958-04-18,2024-07-25,-1,0.5,0.5454545454545454,0.4444444444444444,0.5166666666666667,0.5,0.4707692307692308,66,33.0,0.57,0.62,0.54
1966-03-12,2024-04-24,-1,0.5038461538461539,0.6753246753246753,0.5555555555555556,0.5,0.5,0.7784615384615384,58,29.223076923076928,0.5,0.62,0.49
1955-07-22,2024-11-23,-1,0.5038461538461539,0.7012987012987013,0.3333333333333333,0.2333333333333333,0.25,0.7015384615384616,69,34.76538461538462,0.6,0.38,0.4
1981-04-28,2024-06-05,-1,0.5038461538461539,0.8051948051948052,0.2222222222222222,0.5,0.0,0.2861538461538461,43,21.66538461538462,0.37,0.15,0.21
1969-04-04,2024-06-06,-1,0.5076923076923077,0.4155844155844156,0.3333333333333333,0.6666666666666666,0.25,0.7446153846153846,55,27.92307692307692,0.48,0.38,0.35
1999-07-13,2024-11-18,-1,0.5115384615384616,0.3636363636363636,0.3333333333333333,0.4833333333333333,0.0,0.6953846153846154,25,12.78846153846154,0.22,0.15,0.17
1971-05-02,2024-05-26,-1,0.5115384615384616,0.5454545454545454,0.3333333333333333,0.6333333333333333,0.5,0.803076923076923,53,27.111538461538466,0.46,0.62,0.47
1972-08-17,2024-09-22,-1,0.5192307692307693,0.6623376623376623,0.2222222222222222,0.3666666666666666,0.5,0.7538461538461538,52,27.000000000000004,0.46,0.62,0.47
1971-03-21,2024-04-11,-1,0.5230769230769231,0.3766233766233766,0.3333333333333333,0.6,0.25,0.7538461538461538,53,27.723076923076924,0.47,0.38,0.35
1977-07-11,2024-07-26,-1,0.5230769230769231,0.4935064935064935,0.2222222222222222,0.4166666666666667,0.25,0.3107692307692307,47,24.584615384615386,0.42,0.38,0.32
1989-03-25,2024-03-28,-1,0.5269230769230769,0.4935064935064935,0.2222222222222222,0.5,0.25,0.4984615384615384,35,18.442307692307693,0.32,0.38,0.28
1971-07-23,2024-10-01,-1,0.5307692307692308,0.6840259740259741,0.2388888888888888,0.3666666666666666,0.0,0.0984615384615384,53,28.130769230769232,0.48,0.15,0.22
1972-09-11,2024-11-13,-1,0.5307692307692308,0.7012987012987013,0.3333333333333333,0.3833333333333333,0.25,0.8092307692307692,52,27.6,0.47,0.38,0.35
1962-02-21,2024-02-21,-1,0.5346153846153846,0.3679220779220779,0.5822222222222222,0.6,0.5,0.6307692307692307,62,33.146153846153844,0.57,0.62,0.54
2001-07-04,2024-10-21,-1,0.5384615384615384,0.4025974025974026,0.2222222222222222,0.4666666666666667,0.5,0.8676923076923077,23,12.384615384615383,0.21,0.62,0.29
1990-07-22,2024-09-23,-1,0.5461538461538461,0.1818181818181818,0.3333333333333333,0.4666666666666667,0.25,0.4676923076923077,34,18.569230769230767,0.32,0.38,0.28
1982-05-03,2024-10-06,-1,0.5461538461538461,0.4415584415584415,0.5555555555555556,0.4833333333333333,0.25,0.3138461538461538,42,22.938461538461535,0.39,0.38,0.31
1955-01-18,2024-01-14,-1,0.55,0.8441558441558441,0.3333333333333333,0.65,0.5,0.8492307692307692,69,37.95,0.65,0.62,0.6
1953-04-19,2024-06-09,-1,0.5576923076923077,0.4935064935064935,0.4444444444444444,0.75,0.25,0.4,71,39.59615384615385,0.68,0.38,0.44
1972-08-12,2024-11-21,-1,0.5576923076923077,0.5887012987012987,0.3677777777777777,0.5833333333333334,0.25,0.5476923076923077,52,29.0,0.5,0.38,0.36
1976-04-02,2024-07-14,-1,0.5576923076923077,0.935064935064935,0.3333333333333333,0.7166666666666667,0.0,0.7692307692307693,48,26.76923076923077,0.46,0.15,0.22
1955-07-04,2024-12-10,-1,0.5615384615384615,0.8181818181818182,0.3333333333333333,0.3833333333333333,0.0,0.6646153846153846,69,38.746153846153845,0.66,0.15,0.25
1993-03-15,2024-04-13,-1,0.5653846153846154,0.3766233766233766,0.3333333333333333,0.25,0.25,0.5046153846153846,31,17.526923076923076,0.3,0.38,0.26
1957-05-11,2024-08-08,-1,0.5692307692307692,0.2727272727272727,0.2222222222222222,0.3166666666666666,0.0,0.2153846153846154,67,38.138461538461534,0.65,0.15,0.25
1950-08-25,2024-12-10,-1,0.5692307692307692,0.5454545454545454,0.2222222222222222,0.3833333333333333,0.5,0.1538461538461538,74,42.12307692307692,0.72,0.62,0.65
1978-02-22,2024-02-28,-1,0.573076923076923,0.3116883116883117,0.3888888888888889,0.5833333333333334,0.5,0.4523076923076923,46,26.36153846153846,0.45,0.62,0.46
1995-07-26,2024-07-25,-1,0.5769230769230769,0.3376623376623376,0.3333333333333333,0.4166666666666667,0.5,0.8923076923076924,29,16.73076923076923,0.29,0.62,0.35
1988-01-10,2024-01-01,-1,0.5769230769230769,0.4675324675324675,0.4211111111111111,0.3666666666666666,0.0,0.6153846153846154,36,20.769230769230766,0.36,0.15,0.2
1963-05-12,2024-06-03,-1,0.5769230769230769,0.6363636363636364,0.3033333333333333,0.7,0.25,0.6953846153846154,61,35.192307692307686,0.6,0.38,0.4
1949-07-11,2024-10-14,-1,0.5807692307692308,0.2467532467532467,0.4499999999999999,0.5666666666666667,0.25,0.4923076923076923,75,43.557692307692314,0.75,0.38,0.47
1982-01-18,2024-01-06,-1,0.5807692307692308,0.4155844155844156,0.3333333333333333,0.3166666666666666,0.25,0.3907692307692307,42,24.392307692307693,0.42,0.38,0.32
1967-06-20,2024-07-04,-1,0.5807692307692308,0.7532467532467533,0.4444444444444444,0.95,0.0,0.4153846153846154,57,33.103846153846156,0.57,0.15,0.24
1987-07-08,2024-09-13,-1,0.5846153846153845,0.3636363636363636,0.35,0.4,0.0,0.0984615384615384,37,21.63076923076923,0.37,0.15,0.21
1977-04-20,2024-08-07,-1,0.5884615384615385,0.6493506493506493,0.2222222222222222,0.5833333333333334,0.0,0.4492307692307692,47,27.657692307692308,0.47,0.15,0.22
1996-03-01,2024-03-14,-1,0.5923076923076922,0.3376623376623376,0.2222222222222222,0.2833333333333333,0.0,0.2553846153846154,28,16.584615384615383,0.28,0.15,0.18
1977-09-27,2024-11-25,-1,0.5923076923076922,0.7922077922077922,0.3333333333333333,0.4,0.5,0.5384615384615384,47,27.838461538461534,0.48,0.62,0.48
1992-02-16,2024-02-12,-1,0.5961538461538461,0.3896103896103896,0.2222222222222222,0.4333333333333333,0.5,0.3353846153846154,32,19.076923076923077,0.33,0.62,0.37
1973-04-12,2024-05-26,-1,0.6000000000000001,0.5714285714285714,0.2222222222222222,0.6166666666666667,0.25,0.56,51,30.600000000000005,0.52,0.38,0.37
1982-07-05,2024-08-02,-1,0.6000000000000001,0.8051948051948052,0.2222222222222222,0.4333333333333333,0.0,0.4769230769230769,42,25.200000000000003,0.43,0.15,0.21
1984-05-02,2024-05-08,-1,0.6038461538461538,0.5194805194805194,0.3333333333333333,0.3666666666666666,0.5,0.243076923076923,40,24.153846153846153,0.41,0.62,0.43
1987-05-12,2024-08-20,-1,0.6076923076923078,0.6883116883116883,0.6666666666666666,0.6333333333333333,0.0,0.7323076923076923,37,22.484615384615388,0.39,0.15,0.21
1968-03-04,2024-03-04,-1,0.6153846153846154,0.2554545454545455,0.5,0.45,0.25,0.3815384615384615,56,34.46153846153847,0.59,0.38,0.39
1974-04-07,2024-06-24,-1,0.6153846153846154,0.8311688311688312,0.3333333333333333,0.4166666666666667,0.25,0.8,50,30.76923076923077,0.53,0.38,0.37
1963-06-23,2024-12-14,-1,0.6230769230769231,0.2597402597402597,0.4444444444444444,0.55,0.25,0.4430769230769231,61,38.00769230769231,0.65,0.38,0.43
1949-08-10,2024-12-10,-1,0.6230769230769231,0.7619480519480519,0.7666666666666667,0.7166666666666667,0.0,0.6461538461538462,75,46.73076923076923,0.8,0.15,0.28
1976-01-18,2024-01-21,-1,0.6307692307692307,0.212077922077922,0.5966666666666667,0.6666666666666666,0.25,0.5292307692307693,48,30.276923076923076,0.52,0.38,0.37
1990-02-03,2024-02-18,-1,0.6307692307692307,0.3636363636363636,0.2222222222222222,0.2333333333333333,0.5,0.3753846153846153,34,21.446153846153845,0.37,0.62,0.4
1980-09-18,2024-10-08,-1,0.6307692307692307,0.7272727272727273,0.2222222222222222,0.4333333333333333,0.25,0.84,44,27.753846153846155,0.48,0.38,0.35
1973-06-25,2024-06-23,-1,0.6346153846153846,0.4415584415584415,0.4111111111111111,0.9,0.0,0.4707692307692308,51,32.36538461538461,0.55,0.15,0.23
1977-03-28,2024-03-01,-1,0.6384615384615385,0.3246753246753247,0.4555555555555555,0.7,0.25,0.7753846153846153,47,30.00769230769231,0.51,0.38,0.36
1957-02-17,2024-03-21,-1,0.6384615384615385,0.7402597402597403,0.3333333333333333,0.6166666666666667,0.25,0.8707692307692307,67,42.77692307692308,0.73,0.38,0.46
1974-04-17,2024-06-14,-1,0.6461538461538462,0.2987012987012987,0.1111111111111111,0.3666666666666666,0.25,0.3569230769230769,50,32.30769230769231,0.55,0.38,0.38
1974-03-25,2024-05-18,-1,0.6499999999999999,0.251038961038961,0.4944444444444444,0.35,0.0,0.2184615384615384,50,32.49999999999999,0.56,0.15,0.23
1982-07-11,2024-09-27,-1,0.6499999999999999,0.3116883116883117,0.2222222222222222,0.6333333333333333,0.5,0.2,42,27.299999999999997,0.47,0.62,0.47
1962-08-26,2024-10-23,-1,0.6538461538461539,0.3766233766233766,0.3333333333333333,0.6166666666666667,0.0,0.3446153846153846,62,40.53846153846154,0.69,0.15,0.25
1979-06-17,2024-10-23,-1,0.6538461538461539,0.6623376623376623,0.4444444444444444,0.5,0.25,0.6,45,29.423076923076923,0.5,0.38,0.36
1969-01-28,2024-01-22,-1,0.6576923076923078,0.6623376623376623,0.3333333333333333,0.45,0.5,0.803076923076923,55,36.17307692307693,0.62,0.62,0.57
1983-06-24,2024-11-04,-1,0.6692307692307692,0.4545454545454545,0.2222222222222222,0.2166666666666666,0.0,0.2307692307692307,41,27.438461538461535,0.47,0.15,0.22
1977-08-09,2024-09-28,-1,0.6692307692307692,0.5974025974025974,0.3433333333333333,0.6,0.0,0.2738461538461538,47,31.45384615384615,0.54,0.15,0.23
1986-07-26,2024-11-02,-1,0.676923076923077,0.2337662337662337,0.3333333333333333,0.55,0.0,0.1784615384615384,38,25.723076923076924,0.44,0.15,0.22
1976-06-23,2024-09-27,-1,0.6807692307692309,0.4415584415584415,0.6022222222222222,0.4666666666666667,0.5,0.3107692307692307,48,32.67692307692308,0.56,0.62,0.54
1956-04-28,2024-06-11,-1,0.6846153846153845,0.6061038961038961,0.4588888888888889,0.9,0.25,0.6153846153846154,68,46.553846153846145,0.8,0.38,0.48
1969-09-09,2024-10-26,-1,0.6884615384615385,0.5584415584415584,0.3333333333333333,0.4333333333333333,0.25,0.8246153846153846,55,37.86538461538461,0.65,0.38,0.43
1990-06-03,2024-06-03,-1,0.6923076923076923,0.1818181818181818,0.2766666666666666,0.4833333333333333,0.0,0.1076923076923077,34,23.538461538461537,0.4,0.15,0.21
1963-07-05,2024-08-28,-1,0.6923076923076923,0.4675324675324675,0.2222222222222222,0.1833333333333333,0.0,0.3723076923076923,61,42.230769230769226,0.72,0.15,0.26
1971-07-21,2024-09-28,-1,0.7000000000000001,0.3074025974025974,0.3377777777777778,0.65,0.25,0.7846153846153846,53,37.1,0.64,0.38,0.41
1983-06-09,2024-10-26,-1,0.723076923076923,0.8354545454545454,0.3511111111111111,0.6166666666666667,0.5,0.7292307692307692,41,29.64615384615384,0.51,0.62,0.51
1981-03-01,2024-04-06,-1,0.7423076923076922,0.3246753246753247,0.7777777777777778,0.6833333333333333,0.25,0.88,43,31.919230769230765,0.55,0.38,0.38
1955-05-12,2024-05-23,-1,0.7423076923076922,0.7012987012987013,0.3333333333333333,0.8166666666666667,0.25,0.7415384615384616,69,51.21923076923076,0.88,0.38,0.52
1983-07-11,2024-12-25,-1,0.7538461538461539,0.3679220779220779,0.4444444444444444,0.7833333333333333,0.25,0.796923076923077,41,30.90769230769231,0.53,0.38,0.37
1968-06-24,2024-07-01,-1,0.7692307692307693,0.264025974025974,0.4044444444444444,0.55,0.5,0.3692307692307692,56,43.07692307692308,0.74,0.62,0.67
1991-03-06,2024-04-24,-1,0.7692307692307693,0.3896103896103896,0.4177777777777777,0.6333333333333333,0.0,0.3323076923076923,33,25.384615384615387,0.43,0.15,0.21
1995-05-11,2024-09-02,-1,0.7692307692307693,0.5107792207792208,0.3422222222222222,0.4666666666666667,0.25,0.5538461538461539,29,22.30769230769231,0.38,0.38,0.3
1981-02-25,2024-03-28,-1,0.7846153846153846,0.4415584415584415,0.3333333333333333,0.6333333333333333,0.0,0.7846153846153846,43,33.738461538461536,0.58,0.15,0.24
1967-02-27,2024-02-17,-1,0.8115384615384615,0.7532467532467533,0.4444444444444444,0.6166666666666667,0.25,0.7692307692307693,57,46.25769230769231,0.79,0.38,0.48
1969-01-21,2024-01-13,-1,0.8307692307692308,0.7012987012987013,0.4033333333333333,0.5666666666666667,0.5,0.7323076923076923,55,45.69230769230769,0.78,0.62,0.69
1955-04-06,2024-04-12,-1,0.8461538461538461,0.5714285714285714,0.3333333333333333,0.45,0.5,0.6676923076923077,69,58.38461538461539,1.0,0.62,0.85
1987-06-13,2024-06-09,-1,0.8961538461538461,0.7012987012987013,0.2222222222222222,0.2666666666666666,0.0,0.7353846153846154,37,33.15769230769231,0.57,0.15,0.24
