DoB,DoT,SEX,BMI,BP,TC,BGU,FDR,Target,Age,Risk,Risk%,FHRisk,CombRisk
1998-06-10,2024-07-20,-1,0.1461538461538462,0.3116883116883117,0.2222222222222222,0.1,0.5,0.0953846153846153,26,3.8000000000000007,0.07,0.62,0.18
1962-02-21,2024-02-21,-1,0.5346153846153846,0.3679220779220779,0.5822222222222222,0.6,0.5,0.6307692307692307,62,33.146153846153844,0.57,0.62,0.54
2001-07-04,2024-10-21,-1,0.5384615384615384,0.4025974025974026,0.2222222222222222,0.4666666666666667,0.5,0.8676923076923077,23,12.384615384615383,0.21,0.62,0.29
1983-06-24,2024-11-04,-1,0.6692307692307692,0.4545454545454545,0.2222222222222222,0.2166666666666666,0.0,0.2307692307692307,41,27.43846153846153,0.47,0.15,0.22
1987-05-12,2024-08-20,-1,0.6076923076923078,0.6883116883116883,0.6666666666666666,0.6333333333333333,0.0,0.7323076923076923,37,22.484615384615388,0.39,0.15,0.21
2001-06-21,2024-07-20,-1,0.1461538461538462,0.2467532467532467,0.1111111111111111,0.3833333333333333,0.5,0.2,23,3.3615384615384625,0.06,0.62,0.18
1971-03-21,2024-04-16,-1,0.2115384615384615,0.2467532467532467,0.2222222222222222,0.2,0.5,0.1384615384615384,53,11.21153846153846,0.19,0.62,0.28
1962-08-26,2024-10-23,-1,0.6538461538461539,0.3766233766233766,0.3333333333333333,0.6166666666666667,0.0,0.3446153846153846,62,40.53846153846154,0.69,0.15,0.25
1969-01-28,2024-01-22,-1,0.6576923076923078,0.6623376623376623,0.3333333333333333,0.45,0.5,0.803076923076923,55,36.17307692307693,0.62,0.62,0.57
1983-07-11,2024-12-25,-1,0.7538461538461539,0.3679220779220779,0.4444444444444444,0.7833333333333333,0.25,0.796923076923077,41,30.90769230769231,0.53,0.38,0.37
1988-01-10,2024-01-01,-1,0.5769230769230769,0.4675324675324675,0.4211111111111111,0.3666666666666666,0.0,0.6153846153846154,36,20.769230769230766,0.36,0.15,0.2
1974-04-07,2024-06-24,-1,0.6153846153846154,0.8311688311688312,0.3333333333333333,0.4166666666666667,0.25,0.8,50,30.76923076923077,0.53,0.38,0.37
1962-02-09,2024-02-15,-1,0.2884615384615384,0.8571428571428571,0.1111111111111111,0.5333333333333333,0.5,0.2553846153846154,62,17.88461538461538,0.31,0.62,0.36
1997-04-07,2024-05-05,-1,0.176923076923077,0.2467532467532467,0.2222222222222222,0.1333333333333333,0.5,0.3753846153846153,27,4.776923076923079,0.08,0.62,0.2
1993-03-15,2024-04-13,-1,0.5653846153846154,0.3766233766233766,0.3333333333333333,0.25,0.25,0.5046153846153846,31,17.526923076923076,0.3,0.38,0.26
1949-08-10,2024-12-10,-1,0.6230769230769231,0.7619480519480519,0.7666666666666667,0.7166666666666667,0.0,0.6461538461538462,75,46.73076923076923,0.8,0.15,0.28
1978-02-22,2024-02-28,-1,0.573076923076923,0.3116883116883117,0.3888888888888889,0.5833333333333334,0.5,0.4523076923076923,46,26.36153846153846,0.45,0.62,0.46
1969-03-23,2024-04-09,-1,0.3076923076923077,0.4632467532467533,0.4444444444444444,0.7166666666666667,0.25,0.3876923076923076,55,16.923076923076923,0.29,0.38,0.26
1967-06-20,2024-07-04,-1,0.5807692307692308,0.7532467532467533,0.4444444444444444,0.95,0.0,0.4153846153846154,57,33.10384615384616,0.57,0.15,0.24
1973-08-27,2024-12-18,-1,0.4961538461538461,0.4805194805194805,0.4444444444444444,0.95,0.25,0.7630769230769231,51,25.303846153846152,0.43,0.38,0.32
1996-03-01,2024-03-14,-1,0.5923076923076922,0.3376623376623376,0.2222222222222222,0.2833333333333333,0.0,0.2553846153846154,28,16.584615384615383,0.28,0.15,0.18
1964-07-01,2024-08-18,-1,0.4115384615384615,0.5714285714285714,0.1111111111111111,0.5666666666666667,0.0,0.4984615384615384,60,24.69230769230769,0.42,0.15,0.21
1961-10-24,2024-11-10,-1,0.4230769230769231,0.3463636363636364,0.2633333333333333,0.5666666666666667,0.25,0.5476923076923077,63,26.653846153846157,0.46,0.38,0.33
1971-06-07,2024-06-23,-1,0.3346153846153846,0.4285714285714285,0.2222222222222222,0.3,0.5,0.4892307692307692,53,17.734615384615385,0.3,0.62,0.36
1980-09-18,2024-10-08,-1,0.6307692307692307,0.7272727272727273,0.2222222222222222,0.4333333333333333,0.25,0.84,44,27.753846153846155,0.48,0.38,0.35
1964-09-17,2024-10-14,-1,0.323076923076923,0.2294805194805195,0.3111111111111111,0.2333333333333333,0.0,0.1784615384615384,60,19.38461538461538,0.33,0.15,0.2
1990-07-26,2024-09-21,-1,0.4038461538461538,0.4415584415584415,0.3333333333333333,0.4166666666666667,0.5,0.12,34,13.73076923076923,0.24,0.62,0.31
1968-06-24,2024-07-01,-1,0.7692307692307693,0.264025974025974,0.4044444444444444,0.55,0.5,0.3692307692307692,56,43.07692307692308,0.74,0.62,0.67
1973-03-27,2024-06-11,-1,0.3576923076923077,0.3419480519480519,0.1277777777777777,0.3166666666666666,0.25,0.1969230769230769,51,18.24230769230769,0.31,0.38,0.28
1984-02-14,2024-02-11,-1,0.4576923076923076,0.4285714285714285,0.2222222222222222,0.3,0.5,0.123076923076923,40,18.307692307692307,0.31,0.62,0.36
1964-02-12,2024-02-09,-1,0.2076923076923076,0.5974025974025974,0.1111111111111111,0.2666666666666666,0.0,0.4615384615384615,60,12.461538461538456,0.21,0.15,0.17
1957-02-17,2024-03-21,-1,0.6384615384615385,0.7402597402597403,0.3333333333333333,0.6166666666666667,0.25,0.8707692307692307,67,42.77692307692308,0.73,0.38,0.46
1982-07-23,2024-09-22,-1,0.1884615384615384,0.2207792207792207,0.2222222222222222,0.2666666666666666,0.25,0.1323076923076923,42,7.915384615384613,0.14,0.38,0.2
1970-04-26,2024-06-03,-1,0.2923076923076924,0.4025974025974026,0.2222222222222222,0.4833333333333333,0.25,0.16,54,15.784615384615387,0.27,0.38,0.25
1972-01-24,2024-02-12,-1,0.4615384615384615,0.251038961038961,0.2277777777777777,0.1,0.0,0.4984615384615384,52,24.0,0.41,0.15,0.21
1989-06-09,2024-06-19,-1,0.2076923076923076,0.0779220779220779,0.1988888888888889,0.25,0.25,0.2338461538461538,35,7.269230769230766,0.12,0.38,0.2
1949-07-11,2024-10-14,-1,0.5807692307692308,0.2467532467532467,0.4499999999999999,0.5666666666666667,0.25,0.4923076923076923,75,43.55769230769232,0.75,0.38,0.47
1986-05-19,2024-08-25,-1,0.2423076923076923,0.1688311688311688,0.1111111111111111,0.45,0.0,0.123076923076923,38,9.207692307692309,0.16,0.15,0.16
1982-01-18,2024-01-06,-1,0.5807692307692308,0.4155844155844156,0.3333333333333333,0.3166666666666666,0.25,0.3907692307692307,42,24.392307692307693,0.42,0.38,0.32
1978-07-16,2024-08-27,-1,0.4769230769230769,0.2467532467532467,0.2222222222222222,0.45,0.5,0.7876923076923077,46,21.93846153846154,0.38,0.62,0.41
1980-05-16,2024-08-05,-1,0.3884615384615385,0.961038961038961,0.2222222222222222,0.35,0.5,0.6030769230769231,44,17.092307692307696,0.29,0.62,0.35
1962-05-28,2024-09-27,-1,0.2846153846153845,0.2597402597402597,0.3333333333333333,0.2166666666666666,0.0,0.1353846153846153,62,17.646153846153837,0.3,0.15,0.18
1981-06-09,2024-09-28,-1,0.2730769230769231,0.0909090909090909,0.2222222222222222,0.2833333333333333,0.0,0.1661538461538461,43,11.742307692307694,0.2,0.15,0.17
1988-05-16,2024-09-28,-1,0.2653846153846153,0.3896103896103896,0.2222222222222222,0.55,0.0,0.28,36,9.55384615384615,0.16,0.15,0.16
1992-02-16,2024-02-12,-1,0.5961538461538461,0.3896103896103896,0.2222222222222222,0.4333333333333333,0.5,0.3353846153846154,32,19.07692307692308,0.33,0.62,0.37
1977-03-28,2024-03-01,-1,0.6384615384615385,0.3246753246753247,0.4555555555555555,0.7,0.25,0.7753846153846153,47,30.00769230769231,0.51,0.38,0.36
1955-04-06,2024-04-12,-1,0.8461538461538461,0.5714285714285714,0.3333333333333333,0.45,0.5,0.6676923076923077,69,58.38461538461539,1.0,0.62,0.85
1990-02-03,2024-02-18,-1,0.6307692307692307,0.3636363636363636,0.2222222222222222,0.2333333333333333,0.5,0.3753846153846153,34,21.446153846153845,0.37,0.62,0.4
1975-05-21,2024-07-27,-1,0.2730769230769231,0.3376623376623376,0.1322222222222222,0.15,0.5,0.2892307692307692,49,13.380769230769232,0.23,0.62,0.3
1983-04-18,2024-08-17,-1,0.1999999999999999,0.0389610389610389,0.2222222222222222,0.4333333333333333,0.5,0.1753846153846154,41,8.199999999999996,0.14,0.62,0.24
1981-07-06,2024-11-23,-1,0.2423076923076923,0.2597402597402597,0.2222222222222222,0.45,0.25,0.0676923076923076,43,10.419230769230769,0.18,0.38,0.22
2002-04-22,2024-05-04,-1,0.1653846153846154,0.2987012987012987,0.2222222222222222,0.1333333333333333,0.0,0.3507692307692308,22,3.638461538461539,0.06,0.15,0.15
1996-07-26,2024-07-14,-1,0.2730769230769231,0.2987012987012987,0.2222222222222222,0.3833333333333333,0.25,0.1507692307692307,28,7.646153846153847,0.13,0.38,0.2
1972-07-08,2024-08-04,-1,0.4923076923076923,0.3376623376623376,0.3333333333333333,0.2,0.5,0.683076923076923,52,25.6,0.44,0.62,0.45
1988-02-13,2024-02-06,-1,0.3,0.3636363636363636,0.3333333333333333,0.3166666666666666,0.25,0.2246153846153846,36,10.8,0.18,0.38,0.22
1978-04-22,2024-05-19,-1,0.2153846153846154,0.1818181818181818,0.2222222222222222,0.2833333333333333,0.0,0.1015384615384615,46,9.907692307692308,0.17,0.15,0.17
1953-04-19,2024-06-09,-1,0.5576923076923077,0.4935064935064935,0.4444444444444444,0.75,0.25,0.4,71,39.59615384615385,0.68,0.38,0.44
